search_date,headline,summary,source,url,published_at
2025-10-16,AI boom delivers record net profit for Taiwan's TSMC,"Taiwanese tech titan TSMC reported Thursday a record net profit for the third quarter on skyrocketing demand for microchips used to power iPhones and artificial intelligence.TSMC said net profit for the three months to September soared 39.1 percent from a year ago to NT$452.3 billion (US$14.7 billion), a quarterly record.",Yahoo,https://finnhub.io/api/news?id=05f2fd5a517b8c0d1d22be39236989d5261a0d9358e48fa23827cc2563713815,2025-10-16 10:06:33
2025-10-16,Taiwanese chipmaker TSMC sees nearly 40% jump in its net profit thanks to the AI boom,"Taiwan’s leading computer chip maker, TSMC, said Thursday that its net profit surged nearly 40% in the last quarter, boosted by the surge in use of artificial intelligence.  Taiwan Semiconductor Manufacturing Corp. is the world’s biggest semiconductor manufacturer.  It reported a net profit of a record 452.3 billion new Taiwan dollars ($15 billion) in the July-September quarter, higher than analysts’ forecasts.",Yahoo,https://finnhub.io/api/news?id=e496feb28c9f035a5acf6e38e064b291e365581abca313fb347c3174f95a26ea,2025-10-16 09:22:21
2025-10-16,"TSMC Q3 profit jumps 39.1% to record, beats expectations","TSMC, the world's largest contract chipmaker, posted a 39.1% jump in third-quarter net profit on Thursday,",Yahoo,https://finnhub.io/api/news?id=8085e074ae42c2429ed2c1d74eb3c2b0f4724176792fe29c2b52ed8ffd5f6827,2025-10-16 08:40:27
2025-10-16,The S&P 500’s Yield Is Weak. Consider These 3 Funds and 3 Stocks Instead.,Many investors have significant exposure to the S&P 500 index and its paltry yield. Here’s how to bulk up the income portion of your portfolio.,Yahoo,https://finnhub.io/api/news?id=251f526d6f4b2efaf1492b1c5fa2350406ce545fc2e578eac5fd522b4d006054,2025-10-16 08:30:00
2025-10-16,TSMC ADR Premium Tops Two-Decade High as Global Buyers Pile In,"Its American depositary receipts are trading at the highest premium to its Taipei shares since 2002, on a 50-day moving average basis.  The ADRs have surged 54% this year, outpacing the 38% gain in the Taiwan listing, as global traders boost bullish bets.  “We are positive on TSMC’s outlook and expect it to raise its full-year 2025 sales growth outlook,” said Rex Chen, a Taipei-based fund manager at Capital Investment Trust Corp.",Yahoo,https://finnhub.io/api/news?id=32b4b72fe88e695ed8b216c0c622bc0bd1b5eec92fb60995fa45e867947a9625,2025-10-16 05:32:44
2025-10-16,Apple CEO sends signal on crucial China moment,"In many ways, Apple’s (AAPL) 2025 story has been one of quiet resilience. Despite sluggish global smartphone demand, the world’s most valuable business was able to find new ways to bend the curve. Its success had everything to do with supply-chain recalibrations, a steady premium mix, along ...",Yahoo,https://finnhub.io/api/news?id=d78a84f269852743a2f15bb996d127e649138ca5c7ac30059578da9a553e8e07,2025-10-16 04:37:00
2025-10-16,Trump hosts glitzy dinner for wealthy donors to new White House ballroom,"President Donald Trump on Wednesday welcomed nearly 130 deep-pocketed donors, allies and representatives of major companies for a dinner at the White House to reward them for their pledged contributions to a massive new ballroom.  The ballroom, whose price tag is now estimated at $250 million, is the most significant renovation that Trump, a former real estate mogul, is undertaking during his second term at the White House.  All four sides of the ballroom — which Trump said will be large and grand enough to hold even a presidential inauguration -- will be made of bulletproof glass, with its color, window shape and molding keeping in character with the White House.",Yahoo,https://finnhub.io/api/news?id=5524bd8d99fc308f77a6926a836e9b5dd73805784cfc88c3f3cdb4f63504b8d0,2025-10-16 04:34:17
2025-10-16,Omdia: Mainland China’s Smartphone Market Declined 3% in 3Q25 as Vivo Regained Top Position Amid Intensifying Competition,"LONDON, October 16, 2025--According to Omdia’s latest research, mainland China’s smartphone market declined 3% year on year in 3Q25. The market remains in an adjustment phase, while competition among leading vendors has intensified, with shipment gaps between the top players continuing to narrow. vivo regained the top spot with shipments of 11.8 million units, accounting for an 18% market share. Huawei followed closely in second place with 10.5 million units and a 16% share. Apple maintained its",Yahoo,https://finnhub.io/api/news?id=77489e51aa8261fc6e9ed72d0a4f190666e8011039da0e4c54799151d6bbdb9d,2025-10-16 04:03:00
2025-10-15,United sees demand 'strengthening' as profits edge lower,"United Airlines reported a slight dip in profits Wednesday as operating expenses ticked higher, adding that a strengthening demand outlook would boost fourth-quarter results.United is poised for a ""strong"" fourth quarter ""as the demand environment strengthens,"" said a United press release.",Yahoo,https://finnhub.io/api/news?id=eff3aac7834ed1d566dec9ca4a4f8a757c64c92554fe920c1f631e4db60cc04d,2025-10-16 00:31:12
2025-10-15,Stock Market Today: Dow Dips After Exhausting Day; Advanced Micro Surges (Live Coverage),"Nvidia was also jerked around, while Advanced Micro Devices bolted higher on the stock market today.  The Dow ended the day slightly lower with a 17-point dip, after making big swings in the final hours of trading.  The S&P 500 clung to a gain in the final hour after messy afternoon action and finished 0.4% higher.",Yahoo,https://finnhub.io/api/news?id=8a3decc6d6049b620f02113aa049d7714c518abdf9d6c92e3449710c5c399e4a,2025-10-15 23:34:18
2025-10-15,Sector Update: Tech Stocks Climb Late Afternoon,Tech stocks rose late Wednesday afternoon with the Technology Select Sector SPDR Fund (XLK) adding 0,Yahoo,https://finnhub.io/api/news?id=004ad51bf8cf8ebe859a6fdcfb1bb6c434a1bb4b196df797afa831d903c6cb0b,2025-10-15 22:49:11
2025-10-15,Apple Updates Products Ahead of Holiday Season,"Apple has updated its top-of-the-line products including its iPad Pro, Vision Pro headset and 14-inch MacBook Pro. Bloomberg's Mark Gurman discusses the changes and the company's plans and promises to build in India and China. He joins Caroline Hyde on ""Bloomberg Tech.""",Yahoo,https://finnhub.io/api/news?id=6a96f96fadc1a3184dfd79284c33a1833906c011fbbc05976faf378102607f0d,2025-10-15 22:36:05
2025-10-15,Apple Shifts Smart Home Production To Vietnam,"Apple and BYD team up together to assemble hub, robot, devices from 2025",Yahoo,https://finnhub.io/api/news?id=87769010e4b609b6c4863a0383fb8e9514b926d2afa17dc00a4439f2de599354,2025-10-15 22:24:14
2025-10-15,"Apple Unveils New MacBook Pro, iPad Pro, and Vision Pro Powered by M5 Chip",Updated lineup aims to boost AI performance ahead of the holiday quarter,Yahoo,https://finnhub.io/api/news?id=c707066968d416bcf0ae2c102f2072b0f59c00e0cf4526826f5ad7fa1165854c,2025-10-15 22:20:58
2025-10-15,Apple adds 650 megawatts of renewables in Europe with more coming in China,"Apple is adding renewable power to offset customer charging and support its operations, including third-party manufacturing in China.",Yahoo,https://finnhub.io/api/news?id=7beea307c6e4d5301a4cbb68684c97383490f7810ca6381ccc227ca29e3216c8,2025-10-15 22:19:23
2025-10-15,TSMC Q3 Earnings Preview -- What To Expect From Upcoming Report,TSMC Set To Report Strong Q3 Results As AI Chip Boom Powers Growth,Yahoo,https://finnhub.io/api/news?id=f764833957b81ff132c23f3431c256c99562ec82a477892025ab0c17658047a3,2025-10-15 22:14:53
2025-10-15,AAPL: Apple' iPhone 17 Supercycle Could Drive Biggest Earnings Rebound Since 2021,Apple Poised For Big FY26 Breakout As iPhone 17 Demand Surges Globally,Yahoo,https://finnhub.io/api/news?id=c7d9febc5ef432244ac671e854bba58b5950b0dfed22825e18911750a31be0ca,2025-10-15 22:12:29
2025-10-15,Tim Cook's China Power Play: Apple Doubles Down as Trump's Tariff Threat Looms,Apple's CEO bets big on Beijing ties even as Washington pressures the tech giant to shift production abroad.,Yahoo,https://finnhub.io/api/news?id=d9b15e3627c733b96a0a6dd7e25ac2d1411eac1e7732e3a29c58bbac310bcde4,2025-10-15 21:49:29
2025-10-14,Dow Jones Tech Titan Apple Eyes Latest Buy Point Amid Stock Market Volatility,"Dow Jones tech titan Apple stock, along with Hims & Hers Health and Zscaler, are in or near buy zones amid the stock market volatility.",Yahoo,https://finnhub.io/api/news?id=14404eedb4241495a7c0d80f893eda08985b95860fe952be35f72222e1743f6b,2025-10-14 21:57:08
2025-10-14,TSMC Earnings: Here's What To Expect As AI Reaches A Fever Pitch,Discover why TSMC's strong earnings and AI leadership make it a top stock to watch now. Click for my updated look at TSM stock and my earnings preview.,SeekingAlpha,https://finnhub.io/api/news?id=707eb005df326e88f17985cc22717d8ecd183402ddfee86d1d272a965171d3f4,2025-10-14 21:35:49
2025-10-14,Tech Is Valued as if AI Is the Next Smartphone. It Isn’t.,Investors don’t care if AI stocks are pricey as long as companies deliver hefty profits. But what happens if those profits shrink a lot?,Yahoo,https://finnhub.io/api/news?id=4401ecc40417f162dd3da094d89ba1e977828ae8f16eae7169fc8ea2815f6b5d,2025-10-14 21:26:00
2025-10-14,State of Alabama and Tech Non-Profit Team-up to Boost Economic Opportunity in State's Most Rural Communities,"The State of Alabama, in partnership with the nonprofit Ed Farm, today announced the launch of the Alabama Digital Education Network (ADEN), an ambitious statewide workforce initiative that will establish a network of cutting edge ""learning spaces"" within the state's most rural communities. Backed by more than $16 million in new state funding, alongside programmatic and technology support from Apple and a connectivity partnership with Alabama Power, ADEN will establish future-focused community l",Yahoo,https://finnhub.io/api/news?id=0852b7583044f01d5adba46c5dd83c1e056ffd080699e225c3612b52799193ba,2025-10-14 21:10:00
2025-10-14,"Liberty All-Star® Growth Fund, Inc. September 2025 Monthly Update","BOSTON, October 14, 2025--Liberty All-Star® Growth Fund, Inc. September 2025 Monthly Update",Yahoo,https://finnhub.io/api/news?id=70d29f5019b1679258d637e229e572a0bed39366e65760b9ced22d2ab54ceb08,2025-10-14 19:48:00
2025-10-14,China Flexes Superpower Status Using Rare Earths in Global Supply Chain Grab,"The rules announced last week require overseas companies to obtain Chinese government approval before exporting products containing even trace amounts of certain rare earths that originated in China.  “After decades of striving, China finally has a few real technological advantages over America,” wrote Arthur Kroeber and Laila Khawaja at Gavekal Research in a Monday note.  EU Economy Commissioner Valdis Dombrovskis charged China with “using trade interdependencies for political gain,” speaking in Washington as global finance chiefs gathered for fall meetings of the International Monetary Fund and World Bank.",Yahoo,https://finnhub.io/api/news?id=6c420c756269d65dc21604ace300d232cf0038510530f20d88d82107ff931d39,2025-10-14 19:16:16
2025-10-14,Payroc Now Offers Tap to Pay on iPhone for Merchants to Accept Contactless Payments,"Today, Payroc, a leading provider of payment processing solutions, enables its U.S. merchants to securely and conveniently accept in-person contactless payments with Tap to Pay on iPhone. With the Payroc Mobile iOS app, merchants can now accept contactless credit and debit cards, Apple Pay, and other digital wallets using only an iPhone—no additional hardware or payment terminal required.",Yahoo,https://finnhub.io/api/news?id=932a53119237d9d8e31a0f56b675ed4bfdf57d2fcb75430d7cec42506f2dabeb,2025-10-14 19:10:00
2025-10-14,"Dear Salesforce Stock Fans, Mark Your Calendars for October 14",The company's three-day flagship annual event kicks off today.,Yahoo,https://finnhub.io/api/news?id=8b4c48646532bf6b3480a5cef48233d53d23c211c933126d159f45a5e9ab7eb9,2025-10-14 18:31:32
2025-10-14,"United States Digital Payment Forecast Report 2025-2033, Competitive Analysis of ACI, Aliant Payment, Amazon, American Express, Apple, Fiserv, Mastercard, Novetti, Paypal, Visa","The United States Digital Payment Market is set to experience remarkable growth, increasing from USD 3.06 trillion in 2024 to USD 9.29 trillion by 2033, with a CAGR of 13.11% from 2025 to 2033. Key drivers include high smartphone and internet penetration, evolving payment technologies, and changing consumer behavior. Digital platforms such as mobile wallets and online banking are gaining traction due to their convenience and security. The COVID-19 pandemic accelerated digital payment adoption, m",Yahoo,https://finnhub.io/api/news?id=86263c60540fd64752e9f9e406ebeb345c6699e697af6cfc8ea40ba221715c9b,2025-10-14 18:11:00
2025-10-14,"American retiree uses BTC through Sunny Mining to earn $7,700 in stable passive income every day","Sunny Mining delivers a regulated, automated, daily-settled BTC/XRP cash-flow solution for U.S. retirees",Yahoo,https://finnhub.io/api/news?id=e84f3cb84ff154c1e4c295e7200948a720df0203ad3620a50673943019584cd0,2025-10-14 17:03:18
2025-10-13,Retail spending slows as Budget looms large,"Non-food sales growth slowed to 0.7% against growth of 1.7% last September and below the 12-month average growth of 0.9%, the BRC and KPMG reported.",Yahoo,https://finnhub.io/api/news?id=2bff25ea4e2856933de2b20238a8cf8da811abe8eee18934443fc83439d178d0,2025-10-14 02:01:00
2025-10-13,"Dow Jones Futures: Trump Tariff Comments Spark Market Gains; Broadcom, Nvidia, Oracle, Tesla Rally","Dow Jones Futures: Trump Tariff Comments Spark Market Gains; Broadcom, Nvidia, Oracle, Tesla Rally",DowJones,https://finnhub.io/api/news?id=89df96b5fa6a8d39fb01cdca4341c0502b990f5a07b601bdc0ee8eb5cd80d9ab,2025-10-14 01:25:09
2025-10-13,Jefferies Flags Margin Risk For Apple iPhone 17,Tariffs and base mix pressure Apple profit outlook,Yahoo,https://finnhub.io/api/news?id=2a6cfa68379c56ddd2b99be9704cdb516e35bdaf151768ffbf6dcfb56966cd05,2025-10-14 00:06:42
2025-10-13,Apple In Talks To Buy Prompt AI Talent,Employees urged to apply as transition begins now,Yahoo,https://finnhub.io/api/news?id=fd28b442b41e67d0d5cdb149baf852a1017648fbed85491f8ced1bb2a5fc31f6,2025-10-14 00:01:28
2025-10-13,"Top Stock Reports for Apple, Eli Lilly & Visa","Apple's strong Services growth, Eli Lilly's GLP-1 momentum, and Visa's digital expansion headline today's top stock reports.",Yahoo,https://finnhub.io/api/news?id=61d183e4eb7f53c15fe6741254730a10161bf14157b6958dd1bf953601abb40f,2025-10-13 23:15:00
2025-10-13,PayPal Stock Cut to Sell at Goldman Sachs. Why Its Tough Year Is Getting Even Rougher.,"PayPal  has had a rough year.  Goldman analyst Will Nance cut his rating to Sell from Neutral, citing tougher comparisons to last year’s fourth-quarter strong results as well as concerns about the impact of sticky inflation and the weakening job market on less-affluent customers.  PayPal, the owner of Venmo, has struggled this year in what has been a mixed bag for fintech stocks. For example, rival Block has tumbled 11%, but buy-now-pay-later leader  Affirm  and online lender  SoFi  have soared.",Yahoo,https://finnhub.io/api/news?id=ca340cea5f35a7ecc0d25b1486110fb1a2df7808cbcc6a0f7363b183934001ac,2025-10-13 22:16:00
2025-10-13,"Apple Jumps 18% in Three Months: Buy, Sell or Hold the Stock?","AAPL's iPhone 17 launch, Apple Intelligence expansion, and strong U.S. investments lift shares despite tariff and AI competition pressures.",Yahoo,https://finnhub.io/api/news?id=01ba0e4a437356ed3035b5b0e73ecd85f17e488659edc3d89103a830f12d0de2,2025-10-13 21:08:00
2025-10-13,Apple Stock Might Not See Positive Catalysts Until Spring,"Amid mixed signals about iPhone 17 sales, Apple stock has been an underperformer. It could limp along until next spring, one analyst says.",Yahoo,https://finnhub.io/api/news?id=b1db4df0ece0b1b4437b6392bfaf00068cb3aee3579785e7e698cf3d31be2a9c,2025-10-13 21:02:08
2025-10-13,What to Know About JPMorgan’s $10 Billion Investment in U.S. National Security,"JPMorgan Chase said Monday that it would directly invest $10 billion in companies it deems critical to U.S. national security, part of an initiative to help protect the American economy as trade tensions with countries such as China escalate.  JPMorgan has already been involved in the Trump administration’s recent investments in companies it says are critical to safeguarding the security of the U.S.  In July, the bank and Goldman Sachs agreed to lend $1 billion to MP Materials, the biggest rare-earth producer in the U.S. The funds will be used to build a new factory to produce rare-earth magnets, which MP Materials sells to companies such as Apple and General Motors.",Yahoo,https://finnhub.io/api/news?id=6e073fd42756c0c4b097c0b1821946ecf1bf1f9b6b6c41e2899e0254ba6470de,2025-10-13 20:30:02
2025-10-13,3 Cash-Producing Stocks That Fall Short,"While strong cash flow is a key indicator of stability, it doesn’t always translate to superior returns. Some cash-heavy businesses struggle with inefficient spending, slowing demand, or weak competitive positioning.",Yahoo,https://finnhub.io/api/news?id=0219cc4ba507974cb35f83a6f35e9007f8075f31f6c37904c364a6d98b14da01,2025-10-13 19:57:31
2025-10-12,"This 2007 Throwback Could Earn You $50,000, Check Your Junk Drawer Now","Investment guru Adam Koprucki has a surprising suggestion for Americans looking to boost their wealth: dig out your old tech and toys. According to Koprucki, items like first-generation Apple products and nostalgic toys could soon be worth more than many traditional investments. Koprucki, the founder of Real World Investor, believes that some everyday items gathering dust in homes could outperform stock portfolios by 2030. First-generation iPhones, which hit the market in 2007 with a price tag o",Yahoo,https://finnhub.io/api/news?id=163d222c4d95347a7f23b61b118222bdc9801cdb6ed7ec37d128433444bda222,2025-10-12 22:24:43
2025-10-12,Analyst Explains ‘The Problem’ With Apple (AAPL),"We recently published 10 AI Analyst Calls You Should Pay Attention To. Apple Inc (NASDAQ:AAPL) is one of the stocks analysts were recently talking about. Daniel Newman, The Futurum Group CEO, said in a recent program on Schwab Network that things are “tough” for Apple because the market might not be excited to invest in […]",Yahoo,https://finnhub.io/api/news?id=c236ca1d025042ff97455cd9ccc1f0959e187b961995903e51b529b829bd6ea4,2025-10-12 22:23:07
2025-10-12,Jamf (JAMF) Valuation: Weighing Analyst Optimism After Major Platform Updates and New AI Integrations,"Jamf Holding (JAMF) drew renewed investor interest after its 16th annual Jamf Nation User Conference in Denver. The event highlighted major product updates, new AI-driven workflows, and expanded partner integrations across its Apple device management platform. See our latest analysis for Jamf Holding. Building on the excitement from its product showcase and growing industry partnerships, Jamf's share price has recently shown some short-term momentum with a 23.5% rise over the past 90 days...",Yahoo,https://finnhub.io/api/news?id=ae6a4c77bc4ae244c3d26218efbe168751f9bc1675d5536a54ada1cf436351be,2025-10-12 17:09:40
2025-10-12,Our Faces No Longer Belong to Us,Your likeness is now fair game for AI. Anyone is a click away from creating a digital version of you.,Yahoo,https://finnhub.io/api/news?id=712fc590b71383221015373ad19b8599595514ee96ea49532534f4849346c9e8,2025-10-12 16:00:00
2025-10-12,1 Reason to Hold on to MP Materials Stock Right Now,"MP Materials stock has rocketed higher over the past three months, but it could still be a long-term hold for more aggressive investors.",Yahoo,https://finnhub.io/api/news?id=bb0286de26ae77eb1c904b860e6192a3ba8226739a2e19a053ea392ec6db4b79,2025-10-12 15:45:00
2025-10-12,"1 Unstoppable Stock That Could Join Nvidia, Apple, Microsoft, Amazon, Alphabet, Meta, and Tesla in the $1 Trillion Club","The boom in artificial intelligence (AI) has led to strong growth for Oracle's business, and more could be on the way.",Yahoo,https://finnhub.io/api/news?id=5aadf94b82e439ed478948fb7d97d96decdde4f675c285107a8f6f14c70f72c2,2025-10-12 15:16:00
2025-10-12,Every Apple (AAPL) Investor Should Keep an Eye on This Number,"Hardware gets all the attention, but Apple's business depends on success in another area.",Yahoo,https://finnhub.io/api/news?id=ee9381a7568273a2a38b4f9ddad214406e5244dba951fbbe0c83f0c9da2a2e76,2025-10-12 14:20:00
2025-10-12,Does Warren Buffett Know Something Wall Street Doesn't? The Billionaire Legend Dumps $122 Billion of This Key Holding While Buying $4 Billion of These Out-of-Favor Stocks.,Buffett loves these companies with wide moats but beaten-down stock prices.,Yahoo,https://finnhub.io/api/news?id=4c58c9c6dafab922f41db3b5987c7e46dae2ab7437445f465154531aa1de4396,2025-10-12 13:15:00
2025-10-12,Where Will Apple (AAPL) Be in 5 Years?,"Apple is a wonderful company, and it remains Berkshire's biggest holding.",Yahoo,https://finnhub.io/api/news?id=9a5147bb93b2495f1c56c56d4745f6ed7075faa2e8bc6909911182d9a32f552b,2025-10-12 12:12:00
2025-10-12,QGRW: Leading Growth ETF With A Caveat,"Discover QGRW ETF: blending growth & quality in large-cap stocks, outperforming peers but with higher volatility.",SeekingAlpha,https://finnhub.io/api/news?id=f6c6053438f4fd25de8b169e55a88b33958008e521c03c2e5745794154249c57,2025-10-12 11:35:53
2025-10-11,Where Is MP Materials Headed After Stunning 378% Rally and Apple Partnership News?,"If you’re eyeing MP Materials and wondering where the stock is headed next, you’re definitely not alone. Investors have been watching this company make some impressive moves, and the momentum is hard to ignore. With a jaw-dropping 378.0% return so far this year and a 339.9% gain over the past twelve months, those numbers could catch anyone’s attention. Even just in the past month, shares have surged 25.5%, with a 9.6% lift over the last week alone. What’s driving all this excitement? MP...",Yahoo,https://finnhub.io/api/news?id=c4d6f775bd4d70736583244bd21100b8cab332537dbe7728a346f03f41d7dd29,2025-10-11 21:05:18
2025-10-11,iShares Semiconductor ETF: Bull vs. Bear,"This high-flying ETF has nearly tripled in five years, but some tech stock valuations are becoming overextended.",Yahoo,https://finnhub.io/api/news?id=3c0d35b630ef6103faace1b8880eaea3ed05a08c8ff056e452bde847abf2241a,2025-10-11 18:45:00
2025-10-11,"The ""Magnificent Seven"" or the Entire S&P 500: What's the Better Option for Growth Investors?","The big names in tech have been doing well of late, but a slowdown could be overdue.",Yahoo,https://finnhub.io/api/news?id=4b9d139ec826a38981202cad07daf0304bc49c0262367d5772fe0c51a1b632a1,2025-10-11 16:32:00
2025-10-11,How Google Is Walking the AI Tightrope,"Liz Reid,  the Google search boss, has a tough job.  At the same time, Google’s lawyers are working to convince federal judges determining the company’s fate that, in fact, AI poses a huge threat to its monopoly businesses.  “So both Google can grow very successfully, and other people can grow successfully.”",Yahoo,https://finnhub.io/api/news?id=caf4aab738d45abfb00e2f52eda280f97a962f4b768ec2b1a296ab1db193817b,2025-10-11 12:30:00
2025-10-11,"How To Build A $500,000 Low-Stress Retirement Portfolio","Read here for an update on how to build a simple, diversified 6-fund retirement portfolio for steady income, growth, and lower risk.",SeekingAlpha,https://finnhub.io/api/news?id=c7f1dd5117ff3531860c3c63948a27adf42a1b57f8812f3fac0dd4dba2ffefb0,2025-10-11 11:30:00
2025-10-11,'We are telling an authentic story about wellbeing with our CBD products',Goodrays was founded by CBD industry expert Eoin Keenan in 2020 and has raised over £9m in its bid to become a functional wellness leader.,Yahoo,https://finnhub.io/api/news?id=e9c019d415e066efdd1335996de139daa9e1ec4ca1c1642f6d01733da910a92b,2025-10-11 08:00:55
2025-10-11,Six Reasons To Ride Apple's Rally Cautiously And Why Continue To Use APLY,"Apple stock stays strong amid tariffs and APLY ETF offers income, upside, and risk defense. Read here for more investment analysis.",SeekingAlpha,https://finnhub.io/api/news?id=95cb57440109ee42bbae703f070e8e3c6db440b11d5c1fe1f75f9deb85e8bf16,2025-10-11 04:02:53
2025-10-10,Stocks slump after Trump threatens to hit China with more tariffs,Financial markets slumped Friday after President Trump threatened to raise tariffs on China over a dispute involving rare earths.,Yahoo,https://finnhub.io/api/news?id=861bc782b0aade017986b7960748554f1f91be14d980b78ce148fa38ef802b3d,2025-10-10 23:58:49
2025-10-10,Wall Street Banks Unite to Launch Stablecoin Rivaling Tether and Circle,"Nine global Wall Street banking giants have announced plans to develop a jointly backed stablecoin focused on G7 currencies.The consortium includes Goldman Sachs, Deutsche Bank, Bank of America, Banco Santander, BNP Paribas, Citigroup, MUFG Bank, TD Bank Group, and UBS, according to a Bloomberg report published Friday.Banks said they will ...",Yahoo,https://finnhub.io/api/news?id=6611390c88aea494751dc1283bb00cd7a6dc2a673dc84010d57788a46e547d72,2025-10-10 23:46:38
2025-10-10,Company Executive and Individual Insider Pages,View information on specific company executives,Yahoo,https://finnhub.io/api/news?id=92aa37ebc99fd1836ca812fb05b252d166fd916d3f6072a83b45dfc7f85cc1b0,2025-10-10 23:16:26
2025-10-10,Why is the stock market dropping? A look at Wall Street amid Trump tariff talks on China,The stock market plunged Oct. 10 after President Trump threatened to increase tariffs on China in response to restrictions on natural resources.,Yahoo,https://finnhub.io/api/news?id=98cf8430a0fd772bff50b6132e8d4ac090d19968db9041d568e3ee23af122b06,2025-10-10 21:28:25
2025-10-10,Q3 earnings will be 'validation moment' for AI spend: Dan Ives,"Big Tech heavy hitters will report their third quarter earnings in the coming October weeks, which will give Wall Street a better sense of how much these companies are investing in AI and artificial intelligence infrastructures. Wedbush Securities managing director and global head of technology research Dan Ives discusses how investors are still underestimating the AI super cycle propelling markets (^DJI, ^IXIC, ^GSPC) higher. To watch more expert insights and analysis on the latest market action, check out more Market Catalysts.",Yahoo,https://finnhub.io/api/news?id=b60fcd5229fc6be1994be1dce7146f53a257d24efc0b6e38884c25fc65b86d90,2025-10-10 20:30:00
2025-10-10,China launches probe into Qualcomm amid ongoing US trade fight,China's markets regulator has launched an investigation into Qualcomm.,Yahoo,https://finnhub.io/api/news?id=6a6f140c5f6e874a64270c6fb10bac221899c2673076ee982284a09743a45dac,2025-10-10 19:28:15
2025-10-10,2 Stocks to Watch From the Prospering Computer Industry,The Computer - Micro Computers industry participants like AAPL and DELL are benefiting from the strong demand for enterprise devices amid stiff macroeconomic challenges globally.,Yahoo,https://finnhub.io/api/news?id=44710e872083bae8a47eba5b78ef921e4c0d1b8b5e180c837489608275f5e8cd,2025-10-10 19:19:00
2025-10-10,"Apple Eyes Fight With Meta, Google As Trump Tariff Threat Takes A Bite","Boosted by clear signs of demand and a technical reset, Apple stock continues to target a fresh breakout to an all-time high.",Yahoo,https://finnhub.io/api/news?id=85f65a01476c11bcc2f524d7785a4eefceb603ecd8523a28d5bf94607b908ae8,2025-10-10 18:47:46
2025-10-10,"Big Tech ETF slumps as shares of Tesla, Amazon post big drops","Big Tech ETF slumps as shares of Tesla, Amazon post big drops",MarketWatch,https://finnhub.io/api/news?id=1a84006c7dd1ae617dc9004c9122037431caec12ff98f154458411929c59cea3,2025-10-10 18:18:47
2025-10-10,Retail Crowd Beats the S&P 500 as Soaring Trading Sparks Concern,"Citigroup Inc.’s basket of 46 stocks most favored by non-professional investors, which includes companies like SoFi Technologies Inc. and Riot Platforms Inc., is up 30% since the start of September, beating the S&P 500 Index’s 4.3% gain.  Meanwhile, retail trading volume has increased to an all-time-high, the bank’s equity trading desk wrote in a research note Tuesday.  “It’s been our contention for quite some time that the stock market gains have been largely propelled by a combination of FOMO and MOMO,” said Steve Sosnick, chief strategist at Interactive Brokers.",Yahoo,https://finnhub.io/api/news?id=8e296da360f1041ca2d7949cd7c661871d9994b0a13e4c3af40368227c1905cc,2025-10-10 17:59:09
